id,lane,dist,speed,expected,actual,result,time
1,0,50,30,0,0,PASS,0.001000
2,1,40,50,1,1,PASS,0.001000
3,0,10,80,1,1,PASS,0.002000
4,1,5,120,1,1,PASS,0.001000
5,0,80,100,0,0,PASS,0.002000
6,1,60,20,0,0,PASS,0.001000
